src,tgt
"Hello, I'm Sarah Miller. I'm calling to inquire about the AC-7892 air conditioner unit. I saw it on your website, and I had a few questions. First, what's the BTU rating? And second, does it come with a remote control, or is that sold separately?","This was a product inquiry call, with a neutral sentiment, involving Sarah Miller"
"I need help with the SOFTWARE-SUITE-PRO. I'm Samuel Peterson, and my order number is 543210. I've been trying to install it on my computer for the past three hours, and I keep getting error messages. I've followed all the troubleshooting steps in the help documentation, but nothing seems to work. I'm really tired of dealing with this. Can someone please assist me?","This was a technical issue call, with a frustrated sentiment, involving Samuel Peterson, regarding order 543210.0"
"Hello, my name is Brian Thompson. I have a question about the TABLET-Z. I'm interested in its battery life. What is the typical usage time on a full charge? Also, does it support expandable storage with a microSD card? I couldn't find that information on the website.","This was a product inquiry call, with a neutral sentiment, involving Brian Thompson"
"I am extremely dissatisfied with my recent order! I am John Davis, and I'm calling about order number 123456. The FR-4401 refrigerator arrived yesterday, and it's damaged. There's a huge dent on the side, and it's not cooling properly. I want to know what you're going to do about this. I demand a replacement, and I want it delivered as soon as possible. I've been without a working refrigerator for two days now!","This was a complaint call, with a angry sentiment, involving John Davis, regarding order 123456.0"
"Hi, this is Amanda White. I'd like to place an order for a few items. I need one MON-2345 monitor, one KB-1234 keyboard, and one MOUSE-4567 mouse. Could you please confirm the availability of these items and give me the total price? I'm excited to get these, I've heard great things about them!""","This was a order placement call, with a happy sentiment, involving Amanda White"
"Hi, this is David Wilson. I'm looking at the SPK-9988 speaker system online, and I'm a little confused. The description says it's wireless, but then it also mentions needing a power cord. Can you explain that? Does it need to be plugged in all the time, or does it have a rechargeable battery? Also, what is the range on the wireless connection?","This was a product inquiry call, with a confused sentiment, involving David Wilson"
"I am writing to express my disappointment with the SOFA-123 sofa I recently purchased. My name is Kevin Lee, and the order number is 234567. The color is significantly different from what was advertised online. It's much lighter, and it doesn't match my living room decor. I would like to discuss the possibility of returning this item or receiving a partial refund.","This was a complaint call, with a angry sentiment, involving Kevin Lee, regarding order 234567.0"
"I just wanted to call and say how pleased I am with the DW-6543 dishwasher I purchased last month. My name is Robert Smith, and the order number is 246801. It's incredibly quiet, and it cleans the dishes perfectly. It's the best dishwasher I've ever owned! The delivery was also very smooth. Thank you for providing such a great product and service.","This was a compliment call, with a happy sentiment, involving Robert Smith, regarding order 246801.0"
"Good afternoon, I'd like to place a business order. My name is Patricia Collins. I need five OFFICE-CHAIR-X5 chairs, two DESK-L-SHAPE-Y7 desks, and three FILING-CABINET-Z9 filing cabinets. Please provide a detailed quote, including bulk order discounts and estimated delivery timeframe. Our company's purchase order number is to be determined.","This was a order placement call, with a neutral sentiment, involving Patricia Collins"
"I am calling to complain about the Washer-Dryer Combo I purchased. This is Angela Ramirez, and my order number is 765432. It's making an incredibly loud noise, and it's shaking violently during the spin cycle. I'm worried it's going to break down completely. I want a technician to come out and fix this as soon as possible. This is unacceptable for a brand new appliance!""","This was a complaint call, with a angry sentiment, involving Angela Ramirez, regarding order 765432.0"
"Hey, I wanna order that new game console, the GAME-CONSOLE-X, and an extra GAME-CONTROLLER-Y. This is Mike Johnson. You guys got any deals on those right now? And how fast can you ship it to me? I'm hoping to get it by the weekend.","This was a order placement call, with a neutral sentiment, involving Mike Johnson"
"Hi, this is Maria Rodriguez. I'm having trouble with my LAP-2110 laptop, order number 987654. The Wi-Fi keeps disconnecting, and I can't get a stable internet connection. I've tried restarting it multiple times, and I've checked my router, but everything else is working fine. This is incredibly frustrating; I need this for work. Can you please help me troubleshoot this?","This was a technical issue call, with a frustrated sentiment, involving Maria Rodriguez, regarding order 987654.0"
"I'm calling to express my satisfaction with the PR-9876 printer I bought from your company. My name is Christopher Green, and my order number is 876543. It was easy to set up, and the print quality is excellent. I especially appreciate the fast printing speed. It has significantly improved my productivity. Thank you!""","This was a compliment call, with a happy sentiment, involving Christopher Green, regarding order 876543.0"
"I'm calling to let you know that I'm very satisfied with the TV-ULTRA-4K-85 television I purchased. This is Charles Evans, and my order number is 135792. The picture quality is stunning, and the sound is excellent. It has truly transformed my home theater experience. Thank you!""","This was a compliment call, with a happy sentiment, involving Charles Evans, regarding order 135792.0"
"Hello, my name is Jessica Brown. I'd like to place an order. I want to order one OV-1357 oven and one MW-8642 microwave. Could you please tell me the total cost, including shipping, and the estimated delivery date? Also, I'd like to pay with Visa. My card number is...""","This was a order placement call, with a neutral sentiment, involving Jessica Brown"
"I'm experiencing a critical issue with the SERVER-8901. This is Jessica Williams, and my order number is 456789. The system is down, and we've lost access to all our data. This is a major problem for our business operations. We need immediate assistance to get this back online. Please connect me with your highest-level technical support team.","This was a technical issue call, with a frustrated sentiment, involving Jessica Williams, regarding order 456789.0"
